Resume File,Label
10030015.pdf,1
10219099.pdf,0
10624813.pdf,0
10712803.pdf,0
10985403.pdf,1
11890896.pdf,1
11981094.pdf,1
12011623.pdf,1
12022566.pdf,1
12472574.pdf,0
12488356.pdf,1
12518008.pdf,0
12748557.pdf,1
13149176.pdf,1
13264796.pdf,1
14049846.pdf,1
14206561.pdf,0
14554542.pdf,0
15139979.pdf,1
15601399.pdf,0
15858254.pdf,1
15941675.pdf,0
16803215.pdf,0
16911115.pdf,0
17043822.pdf,1
17103000.pdf,1
17108676.pdf,1
17488801.pdf,1
17926546.pdf,1
18753367.pdf,0
19124258.pdf,0
19396040.pdf,0
19397727.pdf,1
19553067.pdf,0
19612167.pdf,1
20566550.pdf,1
20882041.pdf,0
20981299.pdf,1
21038022.pdf,1
21298336.pdf,0
21629057.pdf,0
21807224.pdf,0
21847415.pdf,1
22605864.pdf,1
22890839.pdf,1
23234047.pdf,0
23438227.pdf,1
23497307.pdf,1
24322804.pdf,0
24647794.pdf,0
25425322.pdf,1
25608963.pdf,1
25797445.pdf,0
25919149.pdf,0
25930778.pdf,1
26456899.pdf,1
26834746.pdf,0
27040860.pdf,1
27152464.pdf,1
27756469.pdf,0
28005884.pdf,1
28078163.pdf,1
28320387.pdf,1
28505854.pdf,0
28628090.pdf,1
28630325.pdf,1
28631840.pdf,1
28762662.pdf,0
28831378.pdf,0
28923650.pdf,0
30097175.pdf,1
30288581.pdf,1
30542184.pdf,0
31677347.pdf,0
31684925.pdf,0
31694970.pdf,0
32081266.pdf,0
32802563.pdf,0
32985311.pdf,0
33685075.pdf,0
35172961.pdf,1
35389360.pdf,0
35651876.pdf,0
35737840.pdf,1
36149549.pdf,1
36517781.pdf,1
37335325.pdf,1
38220146.pdf,0
38314236.pdf,0
38535335.pdf,1
39835894.pdf,0
39855211.pdf,0
43752620.pdf,1
44624796.pdf,1
47276718.pdf,1
47549345.pdf,1
47919212.pdf,0
49127329.pdf,0
50328713.pdf,1
51588273.pdf,0
54227873.pdf,0
55595908.pdf,0
55953734.pdf,1
56691064.pdf,0
60004873.pdf,0
61579998.pdf,0
62071407.pdf,0
64468610.pdf,0
64755882.pdf,1
74236636.pdf,1
77828437.pdf,1
81125166.pdf,0
82125182.pdf,1
82246962.pdf,1
86209934.pdf,0
86828820.pdf,0
90280583.pdf,0
96029688.pdf,1
